TICKER,Date of Purchase,Units,Cost Base
ALQ,13/12/2008,10,190.71
ALU,14/12/2008,10,377
ALX,15/12/2008,10,88.87
AMC,16/12/2008,10,44.93
AMP,17/12/2008,10,547
ANN,18/12/2008,20,195.2
ANZ,19/12/2008,20,81.44
AOG,20/12/2008,20,49.57
APA,21/12/2008,20,19.55
API,22/12/2008,20,22.94