TICKER,Date,Unit Price
ALQ,1/07/2019,19.071
ALU,1/07/2019,37.7
ALX,1/07/2019,8.887
AMC,1/07/2019,4.493
AMP,1/07/2019,54.7
ANN,1/07/2019,19.52
ANZ,1/07/2019,8.144
AOG,1/07/2019,4.957
APA,1/07/2019,1.955
API,1/07/2019,2.294